numero_autorisation,numero_dosage,denomination_medicament,titulaire_autorisation,categorie_medicament,numero_it,code_atc,date_premiere_autorisation,date_autorisation_dosage,duree_validite_amm,categorie_remise_dosage,categorie_remise_medicament,principes_actifs,champ_application_medicament,champ_application_dosage,indications_particulieres,cause_mortalite,annee
637,1,"Boostrix, Injektionssuspension",GlaxoSmithKline AG,Impfstoffe,08.08.,J07AJ52,2000-08-10,2000-08-10,unbegrenzt,B,B,"toxoidum diphtheriae, toxoidum tetani, toxoidum pertussis, haemagglutininum filamentosum, pertactinum","aktive Auffrischimpfung gegen Diphtherie, Tetanus und Pertussis, ab dem vollendeten 4. Lebensjahr",,,maladie_infectieuses,2000
640,1,"Infanrix hexa, Pulver und Suspension zur Herstellung einer Injektionssuspension",GlaxoSmithKline AG,Impfstoffe,08.08.,J07CA09,2000-10-02,2000-10-02,unbegrenzt,B,B,"toxoidum diphtheriae, toxoidum tetani, toxoidum pertussis, haemagglutininum filamentosum (B. pertussis), pertactinum (B. pertussis), virus poliomyelitis typus 1 inactivatus (Stamm Mahoney), virus poliomyelitis typus 2 inactivatus (Stamm MEF-1), virus poliomyelitis typus 3 inactivatus (Stamm Saukett), hepatitidis B viri antigenum ADNr, polysaccharida haemophili influenzae typus B 20752 conjugata cum toxoido tetani","Grundimmunisierung und Auffrischimpfung,  gegen Diphtherie, Tetanus, Pertussis, Hepatitis B, Poliomyelitis und Haemophilus influenzae Typ b, ab der vollendeten 6. Lebenswoche",,,maladie_infectieuses,2000
646,1,"Revaxis, suspension injectable",Sanofi-Aventis (Suisse) SA,Impfstoffe,08.08.,J07CA01,2000-08-10,2000-08-10,unbegrenzt,B,B,"toxoidum tetani, toxoidum diphtheriae, virus poliomyelitis typus 1 inactivatus, virus poliomyelitis typus 2 inactivatus, virus poliomyelitis typus 3 inactivatus","Immunisation active en rappel d'une immunisation de base contre la diphtérie, le tétanos et la poliomyélite dès 5 ans révolus",,,maladie_infectieuses,2000
52599,1,"ProHance 0.5 mmol/ml, soluzione iniettabile (siringa di iniezione preriempita)",Bracco Suisse SA,Synthetika,14.02.0.,V08CA04,2000-12-15,2000-12-15,unbegrenzt,B,B,gadoteridolum,Mezzo di contrasto per la TMR diagnostica del SNC,,,autre,2000
52756,1,"China Kirin Ginseng + Gelée Royale, Kapseln",Panax Import F. Ruckstuhl & Co.,Synthetika,07.98.0.,A13A,2000-04-10,2000-04-10,unbegrenzt,D,D,"ginseng extractum siccum, nutrimenta reginae apis cryodesiccata",Als Roborans,,,autre,2000
53373,1,"Dipeptiven, Konzentrat zur Herstellung einer Infusionslösung",Fresenius Kabi (Schweiz) AG,Synthetika,07.01.2.,B05XB02,2000-12-15,2000-12-15,unbegrenzt,B,B,"alaninum, glutaminum",Parenterale Ernährung,,,autre,2000
53431,1,"Pentasa 1g, Depot-Granulat",Ferring AG,Synthetika,04.09.0.,A07EC02,2000-06-28,2000-06-28,unbegrenzt,B,B,mesalazinum,Colitis ulcerosa,,,autre,2000
53431,2,"Pentasa 2g, Depot-Granulat",Ferring AG,Synthetika,04.09.0.,A07EC02,2000-06-28,2005-10-07,unbegrenzt,B,B,mesalazinum,Colitis ulcerosa,,,autre,2000
53479,2,"Crinone 8 %, Vaginalgel",Merck (Schweiz) AG,Synthetika,07.08.3.,G03DA04,2000-09-27,2000-09-27,unbegrenzt,B,B,progesteronum,Vaginalgel zur Behandlung von Progesterondefiziten,,,autre,2000
53571,1,"Morphin HCl 0,2 mg/ml Bichsel, Injektionslösung",Laboratorium Dr. G. Bichsel AG,Synthetika,01.01.3.,N02AA01,2000-05-08,2010-12-09,unbegrenzt,A+,A+,morphinum,Narkotisches Analgetikum,,,autre,2000
53571,2,"Morphin HCl 0,4 mg/ml Bichsel, Injektionslösung",Laboratorium Dr. G. Bichsel AG,Synthetika,01.01.3.,N02AA01,2000-05-08,2010-12-09,unbegrenzt,A+,A+,morphinum,Narkotisches Analgetikum,,,autre,2000
53571,4,"Morphin HCl 1 mg/ml Bichsel, Injektionslösung",Laboratorium Dr. G. Bichsel AG,Synthetika,01.01.3.,N02AA01,2000-05-08,2010-12-09,unbegrenzt,A+,A+,morphinum,Narkotisches Analgetikum,,,autre,2000
53571,5,"Morphin HCl 10 mg/ml Bichsel, Injektionslösung",Laboratorium Dr. G. Bichsel AG,Synthetika,01.01.3.,N02AA01,2000-05-08,2000-05-08,unbegrenzt,A+,A+,morphinum,Narkotisches Analgetikum,,,autre,2000
53571,6,"Morphin HCI 2 mg/ml Bichsel, Injektionslösung",Laboratorium Dr. G. Bichsel AG,Synthetika,01.01.3.,N02AA01,2000-05-08,2009-03-04,unbegrenzt,A+,A+,morphinum,Narkotisches Analgetikum,,,autre,2000
53644,1,"M-retard Zentiva 10 mg, Retardtabletten",Helvepharm AG,Synthetika,01.01.3.,N02AA01,2000-03-24,2000-03-24,unbegrenzt,A+,A+,morphinum,Analgetikum,,,autre,2000
53644,2,"M-retard Zentiva 30 mg, Retardtabletten",Helvepharm AG,Synthetika,01.01.3.,N02AA01,2000-03-24,2000-03-24,unbegrenzt,A+,A+,morphinum,Analgetikum,,,autre,2000
53644,3,"M-retard Zentiva 60 mg, Retardtabletten",Helvepharm AG,Synthetika,01.01.3.,N02AA01,2000-03-24,2000-03-24,unbegrenzt,A+,A+,morphinum,Analgetikum,,,autre,2000
53644,4,"M-retard Zentiva 100 mg, Retardtabletten",Helvepharm AG,Synthetika,01.01.3.,N02AA01,2000-03-24,2000-03-24,unbegrenzt,A+,A+,morphinum,Analgetikum,,,autre,2000
53644,5,"M-retard Zentiva 200 mg, Retardtabletten",Helvepharm AG,Synthetika,01.01.3.,N02AA01,2000-03-24,2000-03-24,unbegrenzt,A+,A+,morphinum,Analgetikum,,,autre,2000
53982,1,"Co-Amoxi-Mepha 156,25, Pulver zur Herstellung einer Suspension zum Einnehmen",Mepha Pharma AG,Synthetika,08.01.93,J01CR02,2000-03-10,2000-03-10,unbegrenzt,A,A,"amoxicillinum anhydricum, acidum clavulanicum",Infektionskrankheiten,,,maladie_infectieuses,2000
53982,2,"Co-Amoxi-Mepha 312,5, Pulver zur Herstellung einer Suspension zum Einneh",Mepha Pharma AG,Synthetika,08.01.93,J01CR02,2000-03-10,2000-03-10,unbegrenzt,A,A,"amoxicillinum anhydricum, acidum clavulanicum",Infektionskrankheiten,,,maladie_infectieuses,2000
53995,1,"Co-Amoxi-Mepha 625 mg, Filmtabletten",Mepha Pharma AG,Synthetika,08.01.93,J01CR02,2000-03-10,2000-03-10,unbegrenzt,A,A,"amoxicillinum anhydricum, acidum clavulanicum",Infektionskrankheiten,,,maladie_infectieuses,2000
54030,1,"Bilol 5 mg, Filmtabletten",Sandoz Pharmaceuticals AG,Synthetika,02.03.0.,C07AB07,2000-08-11,2000-08-11,unbegrenzt,B,B,bisoprololi fumaras,Hypertonie,,,appareil_circulatoire,2000
54030,2,"Bilol 10 mg, Filmtabletten",Sandoz Pharmaceuticals AG,Synthetika,02.03.0.,C07AB07,2000-08-11,2000-08-11,unbegrenzt,B,B,bisoprololi fumaras,Hypertonie,,,appareil_circulatoire,2000
54030,3,"Bilol 2.5 mg, Filmtabletten",Sandoz Pharmaceuticals AG,Synthetika,02.03.0.,C07AB07,2000-08-11,2009-04-09,unbegrenzt,B,B,bisoprololi fumaras,Hypertonie,,,appareil_circulatoire,2000
54159,2,"Edronax, Tabletten 4 mg",Pfizer AG,Synthetika,01.06.0.,N06AX18,2000-12-07,2000-12-07,unbegrenzt,B,B,reboxetinum,Depressionen,,,autre,2000
54192,1,Pylori 13,Curatis AG,Synthetika,14.03.0.,V04CX,2000-10-20,2000-10-20,unbegrenzt,B,B,carbonei(13-C) ureum,in vivo Diagnose einer Helicobacter pylori Infektion des Magens und des Zwölffingerdarms,,,autre,2000
54281,1,"Epogam 1000, Flüssigkeit zum Einnehmen",Zeller Medical AG,Phytoarzneimittel,10.04.0.,D11AX02,2000-11-29,2000-11-29,unbegrenzt,D,D,"oenotherae oleum raffinatum (Oenothera biennis L., Oenothera lamarckiana L, oleum)",Chronische Ekzeme,,,autre,2000
54534,3,"Tebokan 120, Filmtabletten",Schwabe Pharma AG,Phytoarzneimittel,02.97.0.,N06DX02,2000-12-19,2007-02-07,unbegrenzt,B,B,"ginkgonis extractum siccum raffinatum et quantificatum (Ginkgo biloba L., folium)",Bei nachlassender geistiger Leistungsfähigkeit; bei Claudicatio intermittens; bei Vertigo und Tinnitus,,,autre,2000
54534,4,"Tebokan 240, Filmtabletten",Schwabe Pharma AG,Phytoarzneimittel,02.97.0.,N06DX02,2000-12-19,2016-04-20,unbegrenzt,B,B,"ginkgonis extractum siccum raffinatum et quantificatum (Ginkgo biloba L., folium)",Bei nachlassender geistiger Leistungsfähigkeit; bei Claudicatio intermittens; bei Vertigo und Tinnitus,,,autre,2000
54590,1,"Maxalt 5 mg, Tabletten",Organon GmbH,Synthetika,02.05.1.,N02CC04,2000-06-27,2000-06-27,unbegrenzt,B,B,rizatriptanum,Akutbehandlung von Migräneanfällen mit oder ohne Aura,,,autre,2000
54590,2,"Maxalt 10 mg, Tabletten",Organon GmbH,Synthetika,02.05.1.,N02CC04,2000-06-27,2000-06-27,unbegrenzt,B,B,rizatriptanum,Akutbehandlung von Migräneanfällen mit oder ohne Aura,,,autre,2000
54591,1,"Maxalt lingual 5 mg, Schmelztabletten",Organon GmbH,Synthetika,02.05.1.,N02CC04,2000-06-27,2000-06-27,unbegrenzt,B,B,rizatriptanum,Akutbehandlung von Migräneanfällen mit oder ohne Aura,,,autre,2000
54591,2,"Maxalt lingual 10 mg, Schmelztabletten",Organon GmbH,Synthetika,02.05.1.,N02CC04,2000-06-27,2000-06-27,unbegrenzt,B,B,rizatriptanum,Akutbehandlung von Migräneanfällen mit oder ohne Aura,,,autre,2000
54597,1,"Evista 60 mg, comprimés filmés",Leman SKL SA,Synthetika,07.09.0.,G03XC01,2000-03-30,2000-03-30,unbegrenzt,B,B,raloxifenum,Traitement et prévention de l’ostéoporose chez les femmes postménopausées,,,autre,2000
54658,2,"Redoxon + Zinc, Brausetabletten",Bayer (Schweiz) AG,Synthetika,07.02.51,A11GB,2000-05-10,2013-08-13,unbegrenzt,D,D,"acidum ascorbicum, zincum",Vitamin- und Mineralstoffpräparat,,,autre,2000
54659,1,"Redoxon + Zinc, Kautabletten",Bayer (Schweiz) AG,Synthetika,07.02.51,A11GB,2000-05-10,2000-05-10,unbegrenzt,D,D,"acidum ascorbicum, zincum",Vitamin- und Mineralstoffpräparat,,,autre,2000
54745,1,"Beromun, Pulver zur Herstellung einer Infusionslösung",Eumedica Pharmaceuticals AG,Biotechnologika,07.16.1.,L03AX11,2000-11-16,2000-11-16,unbegrenzt,A,A,tasonerminum,Weichteil-Sarkom,,,cancer,2000
54752,2,"Ketesse 25, Filmtabletten",A. Menarini GmbH,Synthetika,07.10.1.,M01AE17,2000-06-23,2000-06-23,unbegrenzt,B,B,dexketoprofenum,Nichtsteroidales Analgetikum/Antirheumatikum,,,autre,2000
54767,1,"Seractil 200 mg, Filmtabletten",Gebro Pharma AG,Synthetika,07.10.1.,M01AE14,2000-06-28,2000-06-28,unbegrenzt,B,B,dexibuprofenum,"Antirheumatikum, Antiphlogistikum",,,autre,2000
54767,2,"Seractil 300 mg, Filmtabletten",Gebro Pharma AG,Synthetika,07.10.1.,M01AE14,2000-06-28,2000-06-28,unbegrenzt,B,B,dexibuprofenum,"Antirheumatikum, Antiphlogistikum",,,autre,2000
54767,3,"Seractil 400 mg forte, Filmtabletten",Gebro Pharma AG,Synthetika,07.10.1.,M01AE14,2000-06-28,2000-06-28,unbegrenzt,B,B,dexibuprofenum,"Antirheumatikum, Antiphlogistikum",,,autre,2000
54793,1,"Qvar Autohaler 50 µg, Dosier-Aerosol",Teva Pharma AG,Synthetika,03.04.4.,R03BA01,2000-12-27,2000-12-27,unbegrenzt,B,B,beclometasoni dipropionas,Antiasthmatikum,,,appareil_respiratoire,2000
54793,2,"Qvar Autohaler 100 µg, Dosier-Aerosol",Teva Pharma AG,Synthetika,03.04.4.,R03BA01,2000-12-27,2000-12-27,unbegrenzt,B,B,beclometasoni dipropionas,Antiasthmatikum,,,appareil_respiratoire,2000
54915,1,"Colistin zur Inhalation 1 Mio U.I., Pulver und Lösungsmittel zur Herstellung einer Lösung für einen Vernebler",Teva Pharma AG,Synthetika,08.01.9.,J01XB01,2000-04-26,2000-04-26,unbegrenzt,A,A,colistimethatum natricum,Infektionskrankheiten,,,maladie_infectieuses,2000
54915,2,"Colistin zur Inhalation 2 Mio U.I., Pulver und Lösungsmittel zur Herstellung einer Lösung für einen Vernebler",Teva Pharma AG,Synthetika,08.01.9.,J01XB01,2000-04-26,2019-08-12,unbegrenzt,A,A,colistimethatum natricum,Infektionskrankheiten,,,maladie_infectieuses,2000
54941,1,"Schweden-Mixtur H, Flüssigkeit zum Einnehmen",Hänseler AG,Phytoarzneimittel,04.08.14,A06AB20,2000-11-17,2000-11-17,unbegrenzt,B/D,B/D,"aloe barbadensis et capensis, sennae folium, rhei radix",Bei gelegentlicher Verstopfung,,,autre,2000
54976,1,"Neurontin 600, Filmtabletten",Viatris Pharma GmbH,Synthetika,01.07.1.,N02BF01,2000-08-09,2000-08-09,unbegrenzt,B,B,gabapentinum,Antiepilepticum,,,autre,2000
54976,2,"Neurontin 800, Filmtabletten",Viatris Pharma GmbH,Synthetika,01.07.1.,N02BF01,2000-08-09,2000-08-09,unbegrenzt,B,B,gabapentinum,Antiepilepticum,,,autre,2000
54989,2,"Tamec 20 mg, Filmtabletten",Sandoz Pharmaceuticals AG,Synthetika,07.16.2.,L02BA01,2000-03-30,2000-03-30,unbegrenzt,A,A,tamoxifenum,Oncologicum,,,cancer,2000
55024,1,"Voltaren Dolo, Filmtabletten",Haleon Schweiz AG,Synthetika,07.10.1.,M01AB05,2000-07-11,2000-07-11,unbegrenzt,D,D,diclofenacum kalicum,Analgetikum,,,autre,2000
55057,1,"Dysport 500U, Pulver zur Herstellung einer Injektionslösung",IPSEN Pharma Schweiz GmbH,Biotechnologika,01.13.0.,M03AX01,2000-08-24,2000-08-24,unbegrenzt,A,A,complexus toxini botulinici A et haemagglutinini,"Symptomatische Behandlung von Blepharospasmus, Spasmus hemifacialis und assoziierten fokalen Dystonien, Torticollis spasticus, fokaler Spastik der oberen Extremitäten bei Patienten ab 2 Jahren, fokaler Spastik der unteren Extremitäten bei Patienten ab 2 Jahren, axillärer Hyperhidrose, Behandlung der Harninkontinenz",,,autre,2000
55057,2,"Dysport 300U, Pulver zur Herstellung einer Injektionslösung",IPSEN Pharma Schweiz GmbH,Biotechnologika,01.13.0.,M03AX01,2000-08-24,2014-04-02,unbegrenzt,A,A,complexus toxini botulinici A et haemagglutinini,"Symptomatische Behandlung von Blepharospasmus, Spasmus hemifacialis und assoziierten fokalen Dystonien, Torticollis spasticus, fokaler Spastik der oberen Extremitäten bei Patienten ab 2 Jahren, fokaler Spastik der unteren Extremitäten bei Patienten ab 2 Jahren, axillärer Hyperhidrose, Behandlung der Harninkontinenz",,,autre,2000
55060,2,"Aviral, Crème",Mepha Pharma AG,Synthetika,10.09.3.,D06BB03,2000-09-22,2012-04-16,unbegrenzt,D,D,aciclovirum,Herpes labialis,,,maladie_infectieuses,2000
55092,1,"Salamol Autohaler, Dosier-Aerosol",Teva Pharma AG,Synthetika,03.04.3.,R03AC02,2000-12-12,2000-12-12,unbegrenzt,B,B,salbutamolum,Bronchospasmolytikum,,,appareil_respiratoire,2000
55097,1,Medibudget Abführdragées Bisacodyl,Tentan AG,Synthetika,04.08.11,A06AB02,2000-11-16,2000-11-16,unbegrenzt,D,D,bisacodylum,Laxans,,,autre,2000
55100,1,"ClinOleic 20 %, Infusionsemulsion",Baxter AG,Synthetika,07.01.2.,B05BA02,2000-05-25,2000-05-25,unbegrenzt,B,B,"olivae oleum raffinatum, sojae oleum raffinatum",Parenterale Ernährung,,,autre,2000
55120,1,"Trileptal 150 mg, Filmtabletten",Novartis Pharma Schweiz AG,Synthetika,01.07.1.,N03AF02,2000-03-21,2000-03-21,unbegrenzt,B,B,oxcarbazepinum,Antiepilepticum,,,autre,2000
55120,2,"Trileptal 300 mg, Filmtabletten",Novartis Pharma Schweiz AG,Synthetika,01.07.1.,N03AF02,2000-03-21,2000-03-21,unbegrenzt,B,B,oxcarbazepinum,Antiepilepticum,,,autre,2000
55120,3,"Trileptal 600 mg, Filmtabletten",Novartis Pharma Schweiz AG,Synthetika,01.07.1.,N03AF02,2000-03-21,2000-03-21,unbegrenzt,B,B,oxcarbazepinum,Antiepilepticum,,,autre,2000
55130,2,"Miflonide Breezhaler 200 mcg, Hartkapseln mit Pulver zur Inhalation",Novartis Pharma Schweiz AG,Synthetika,03.04.4.,R03BA02,2000-05-30,2000-05-30,2025-10-02,B,B,budesonidum,Obstruktive Atemwegserkrankungen,,,appareil_respiratoire,2000
55130,3,"Miflonide Breezhaler 400 mcg, Hartkapseln mit Pulver zur Inhalation",Novartis Pharma Schweiz AG,Synthetika,03.04.4.,R03BA02,2000-05-30,2000-05-30,2025-10-02,B,B,budesonidum,Obstruktive Atemwegserkrankungen,,,appareil_respiratoire,2000
55151,1,"Virucalm, crema",Zambon Svizzera SA,Synthetika,10.09.3.,D06BB03,2000-09-22,2000-09-22,2025-11-01,D,D,aciclovirum,Herpes labialis,,,maladie_infectieuses,2000
55155,1,"Cerazette, Filmtabletten",Organon GmbH,Synthetika,09.02.1.,G03AC09,2000-03-28,2000-03-28,unbegrenzt,B,B,desogestrelum,Hormonales Kontrazeptivum,,,autre,2000
55164,2,"Olfen duo release, Kapseln",Mepha Pharma AG,Synthetika,07.10.1.,M01AB05,2000-03-07,2011-12-21,unbegrenzt,B,B,diclofenacum natricum,"Antirheumatikum, Antiphlogistikum, Analgetikum",,,autre,2000
55185,1,"Co-Amoxicillin Sandoz 625, Filmtabletten",Sandoz Pharmaceuticals AG,Synthetika,08.01.93,J01CR02,2000-09-27,2000-09-27,unbegrenzt,A,A,"acidum clavulanicum, amoxicillinum anhydricum",Infektionskrankheiten,,,maladie_infectieuses,2000
55203,1,"Co-Amoxicillin Sandoz 156,25, Pulver zur Zubereitung einer Suspension zum Einnehmen",Sandoz Pharmaceuticals AG,Synthetika,08.01.93,J01CR02,2000-09-27,2000-09-27,unbegrenzt,A,A,"amoxicillinum anhydricum, acidum clavulanicum",Infektionskrankheiten,,,maladie_infectieuses,2000
55203,2,"Co-Amoxicillin Sandoz 312,5, Pulver zur Zubereitung einer Suspension zum Einnehmen",Sandoz Pharmaceuticals AG,Synthetika,08.01.93,J01CR02,2000-09-27,2000-09-27,unbegrenzt,A,A,"amoxicillinum anhydricum, acidum clavulanicum",Infektionskrankheiten,,,maladie_infectieuses,2000
55214,2,"Actonel 30 mg, Filmtabletten",Future Health Pharma GmbH,Synthetika,07.99.0.,M05BA07,2000-12-20,2000-12-20,unbegrenzt,B,B,natrii risedronas,"Osteoporose, Paget-Krankheit",,,autre,2000
55214,3,"Actonel 35 mg Wochentabletten, Filmtabletten",Future Health Pharma GmbH,Synthetika,07.99.0.,M05BA07,2000-12-20,2002-06-27,unbegrenzt,B,B,natrii risedronas,"Osteoporose, Paget-Krankheit",,,autre,2000
55218,2,"Relpax 40 mg, Filmtabletten",Viatris Pharma GmbH,Synthetika,02.05.1.,N02CC06,2000-12-14,2000-12-14,unbegrenzt,B,B,eletriptanum,Akutbehandlung von Migräneanfällen,,,autre,2000
55218,3,"Relpax 80 mg, Filmtabletten",Viatris Pharma GmbH,Synthetika,02.05.1.,N02CC06,2000-12-14,2001-05-16,unbegrenzt,B,B,eletriptanum,Akutbehandlung von Migräneanfällen,,,autre,2000
55229,1,"Epril, Tabletten",Sandoz Pharmaceuticals AG,Synthetika,02.07.1.,C09AA02,2000-01-25,2000-01-25,unbegrenzt,B,B,enalaprili maleas,ACE-Hemmer,,,appareil_circulatoire,2000
55229,2,"Epril mite, Tabletten",Sandoz Pharmaceuticals AG,Synthetika,02.07.1.,C09AA02,2000-01-25,2000-01-25,unbegrenzt,B,B,enalaprili maleas,ACE-Hemmer,,,appareil_circulatoire,2000
55229,3,"Epril submite, Tabletten",Sandoz Pharmaceuticals AG,Synthetika,02.07.1.,C09AA02,2000-01-25,2000-01-25,unbegrenzt,B,B,enalaprili maleas,ACE-Hemmer,,,appareil_circulatoire,2000
55229,4,"Epril 40, Tabletten",Sandoz Pharmaceuticals AG,Synthetika,02.07.1.,C09AA02,2000-01-25,2007-04-27,unbegrenzt,B,B,enalaprili maleas,ACE-Hemmer,,,appareil_circulatoire,2000
55243,1,"Rapamune 1 mg/ml, Lösung zum Einnehmen",Pfizer AG,Biotechnologika,07.15.0.,L04AH01,2000-09-26,2000-09-26,unbegrenzt,B,B,sirolimusum,Immunsuppressivum,,,cancer,2000
55247,1,"Blopress Plus 8/12.5 mg, Tabletten",Cheplapharm Schweiz GmbH,Synthetika,02.07.2.,C09DA06,2000-02-11,2000-06-23,unbegrenzt,B,B,"candesartanum cilexetilum, hydrochlorothiazidum",Essentielle Hypertonie,,,appareil_circulatoire,2000
55247,2,"Blopress Plus 16/12.5 mg, Tabletten",Cheplapharm Schweiz GmbH,Synthetika,02.07.2.,C09DA06,2000-02-11,2000-02-11,unbegrenzt,B,B,"candesartanum cilexetilum, hydrochlorothiazidum",Essentielle Hypertonie,,,appareil_circulatoire,2000
55247,3,"Blopress Plus 32/12.5 mg, Tabletten",Cheplapharm Schweiz GmbH,Synthetika,02.07.2.,C09DA06,2000-02-11,2009-08-04,unbegrenzt,B,B,"candesartanum cilexetilum, hydrochlorothiazidum",Essentielle Hypertonie,,,appareil_circulatoire,2000
55247,4,"Blopress Plus 32/25 mg, Tabletten",Cheplapharm Schweiz GmbH,Synthetika,02.07.2.,C09DA06,2000-02-11,2009-08-04,unbegrenzt,B,B,"candesartanum cilexetilum, hydrochlorothiazidum",Essentielle Hypertonie,,,appareil_circulatoire,2000
55249,1,"Bronchosan, Husten-Tropfen",A.Vogel AG,Phytoarzneimittel,03.02.0.,R05CA10,2000-10-18,2000-10-18,unbegrenzt,D,D,"hederae helicis recentis extractum ethanolicum liquidum, thymi recentis extractum ethanolicum liquidum, liquiritiae extractum ethanolicum liquidum",Bei Erkältungshusten,,,appareil_respiratoire,2000
55262,1,"Lacrinorm F UD, Augentropfen",Bausch & Lomb Swiss AG,Synthetika,11.08.2.,S01XA20,2000-01-14,2000-01-14,unbegrenzt,D,D,carbomerum 980,Tränenflüssigkeitsersatz,,,autre,2000
55264,1,"Zomig oro, Schmelztabletten",Grünenthal Pharma AG,Synthetika,02.05.1.,N02CC03,2000-12-18,2000-12-18,unbegrenzt,B,B,zolmitriptanum,Akutbehandlung von Migräneanfällen mit und ohne Aura,,,autre,2000
55272,2,"Modasomil, Tabletten",Neuraxpharm Switzerland AG,Synthetika,01.10.2.,N06BA07,2000-06-20,2010-01-11,unbegrenzt,A,A,modafinilum,Narkolepsie,,,autre,2000
55274,1,"Makatussin, Hustentropfen",Gebro Pharma AG,Synthetika,03.01.1.,R05DA04,2000-10-03,2000-10-03,unbegrenzt,B,B,codeini phosphas hemihydricus,"Husten, insbesondere trockener Reizhusten",,,appareil_respiratoire,2000
55280,1,"Metronidazole Sintetica, soluzione per infusione",Sintetica SA,Synthetika,08.04.3.,J01XD01,2000-01-24,2000-01-24,unbegrenzt,B,B,metronidazolum,Infezioni da batteri anaerobici,,,maladie_infectieuses,2000
55288,1,"Indivina 1 mg/2.5 mg, Tabletten",Orion Pharma AG,Synthetika,07.08.6.,G03FA12,2000-04-17,2000-04-17,unbegrenzt,B,B,"estradioli valeras, medroxyprogesteroni acetas",Hormonsubstitution nach der Menopause,,,autre,2000
55288,2,"Indivina 1 mg/5 mg, Tabletten",Orion Pharma AG,Synthetika,07.08.6.,G03FA12,2000-04-17,2000-04-17,unbegrenzt,B,B,"estradioli valeras, medroxyprogesteroni acetas",Hormonsubstitution nach der Menopause,,,autre,2000
55288,4,"Indivina 2 mg/5 mg, Tabletten",Orion Pharma AG,Synthetika,07.08.6.,G03FA12,2000-04-17,2000-04-17,unbegrenzt,B,B,"estradioli valeras, medroxyprogesteroni acetas",Hormonsubstitution nach der Menopause,,,autre,2000
55295,1,"Physioneal 40 Glucose 1,36 %, Peritonealdialyselösung",Vantive GmbH,Synthetika,05.04.0.,B05DB,2000-05-31,2000-05-31,unbegrenzt,B,B,"glucosum, calcii chloridum dihydricum, magnesii chloridum hexahydricum, natrii chloridum, natrii lactas, natrii hydrogenocarbonas, natrium, calcium, magnesium, chloridum, hydrogenocarbonas, lactas",Peritonealdialyselösung,,,autre,2000
55295,2,"Physioneal 40 Glucose 2,27 %, Peritonealdialyselösung",Vantive GmbH,Synthetika,05.04.0.,B05DB,2000-05-31,2000-05-31,unbegrenzt,B,B,"calcii chloridum dihydricum, magnesii chloridum hexahydricum, natrii chloridum, natrii lactas, glucosum, natrii hydrogenocarbonas, natrium, calcium, magnesium, chloridum, hydrogenocarbonas, lactas",Peritonealdialyselösung,,,autre,2000
55295,3,"Physioneal 40 Glucose 3,86 %, Peritonealdialyselösung",Vantive GmbH,Synthetika,05.04.0.,B05DB,2000-05-31,2000-05-31,unbegrenzt,B,B,"glucosum, calcii chloridum dihydricum, magnesii chloridum hexahydricum, natrii chloridum, natrii lactas, natrii hydrogenocarbonas, natrium, calcium, magnesium, chloridum, hydrogenocarbonas, lactas",Peritonealdialyselösung,,,autre,2000
55297,1,"Keppra 250 mg, comprimés pelliculés",UCB-Pharma SA,Synthetika,01.07.1.,N03AX14,2000-03-29,2000-03-29,unbegrenzt,B,B,levetiracetamum,Antiépileptique,,,autre,2000
55297,4,"Keppra 1000 mg, comprimés pelliculés",UCB-Pharma SA,Synthetika,01.07.1.,N03AX14,2000-03-29,2000-03-29,unbegrenzt,B,B,"levetiracetamum, natrium",Antiépileptique,,,autre,2000
55297,5,"Keppra 500 mg, comprimés pelliculés",UCB-Pharma SA,Synthetika,01.07.1.,N03AX14,2000-03-29,2000-03-29,unbegrenzt,B,B,levetiracetamum,Antiépileptique,,,autre,2000
55311,1,"Zyprexa Velotab 5 mg, Schmelztabletten",Cheplapharm Schweiz GmbH,Synthetika,01.05.0.,N05AH03,2000-06-28,2000-06-28,unbegrenzt,B,B,olanzapinum,Neuroleptikum,,,autre,2000
55311,2,"Zyprexa Velotab 10 mg, Schmelztabletten",Cheplapharm Schweiz GmbH,Synthetika,01.05.0.,N05AH03,2000-06-28,2000-06-28,unbegrenzt,B,B,olanzapinum,Neuroleptikum,,,autre,2000
55311,3,"Zyprexa Velotab 15 mg, Schmelztabletten",Cheplapharm Schweiz GmbH,Synthetika,01.05.0.,N05AH03,2000-06-28,2000-06-28,unbegrenzt,B,B,olanzapinum,Neuroleptikum,,,autre,2000
55311,4,"Zyprexa Velotab 20 mg, Schmelztabletten",Cheplapharm Schweiz GmbH,Synthetika,01.05.0.,N05AH03,2000-06-28,2000-06-28,unbegrenzt,B,B,olanzapinum,Neuroleptikum,,,autre,2000
55332,1,"Solmucol Raffreddore, spray nasale, soluzione",IBSA Institut Biochimique SA,Synthetika,12.02.1.,R01AA07,2000-12-21,2000-12-21,unbegrenzt,D,D,xylometazolini hydrochloridum,rinite,,,appareil_respiratoire,2000
55337,1,"Aminoven 5 %, Infusionslösung",Fresenius Kabi (Schweiz) AG,Synthetika,07.01.2.,B05BA01,2000-04-19,2000-04-19,unbegrenzt,B,B,"isoleucinum, leucinum, lysinum anhydricum, methioninum, phenylalaninum, threoninum, tryptophanum, valinum, argininum, histidinum, alaninum, glycinum, prolinum, serinum, tyrosinum, taurinum, aminoacida",Parenterale Ernährung,,,autre,2000
55337,2,"Aminoven 10 %, Infusionslösung",Fresenius Kabi (Schweiz) AG,Synthetika,07.01.2.,B05BA01,2000-04-19,2000-04-19,unbegrenzt,B,B,"isoleucinum, leucinum, lysinum anhydricum, methioninum, phenylalaninum, threoninum, tryptophanum, valinum, argininum, histidinum, alaninum, glycinum, prolinum, serinum, tyrosinum, taurinum, aminoacida",Parenterale Ernährung,,,autre,2000
55337,3,"Aminoven 15 %, Infusionslösung",Fresenius Kabi (Schweiz) AG,Synthetika,07.01.2.,B05BA01,2000-04-19,2000-04-19,unbegrenzt,B,B,"isoleucinum, leucinum, lysinum anhydricum, methioninum, phenylalaninum, threoninum, tryptophanum, valinum, argininum, histidinum, alaninum, glycinum, prolinum, serinum, tyrosinum, taurinum, l-malas, aminoacida",Parenterale Ernährung,,,autre,2000
55339,1,"Sanalgin N, Tabletten",Gebro Pharma AG,Synthetika,01.01.2.,N02BE51,2000-05-11,2000-05-11,unbegrenzt,D,D,"paracetamolum, coffeinum","Analgetikum, Antipyretikum",,,autre,2000
55340,1,"Siccaprotect, Augentropfen",Ursapharm Schweiz GmbH,Synthetika,11.06.3.,S01XA20,2000-09-26,2000-09-26,unbegrenzt,D,D,"dexpanthenolum, poly(alcohol vinylicus)",Leichte Reizungen der Augen / Befeuchtung der Augen,,,autre,2000
55341,1,"Zaditen Ophtha, Augentropfen",OmniVision AG,Synthetika,11.06.2.,S01GX08,2000-05-05,2000-05-05,unbegrenzt,B,B,ketotifenum,Saisonale allergische Konjunktivitis,,,autre,2000
55342,1,"Zaditen Ophtha SDU, Augentropfen (Monodosen)",OmniVision AG,Synthetika,11.06.2.,S01GX08,2000-05-05,2000-05-05,unbegrenzt,B,B,ketotifenum,Saisonale allergische Konjunktivitis,,,autre,2000
55343,1,"Sedonium, dragées",OM Pharma Suisse SA,Phytoarzneimittel,01.04.1.,N05CM09,2000-02-22,2000-02-22,unbegrenzt,D,D,"valerianae extractum hydroalcoholicum siccum (Valeriana officinalis L. s.l., radix)",En cas de troubles de l'endormissement et du maintien du sommeil,,,autre,2000
55349,1,"Amiodaron-Mepha 100 mg, Tabletten",Mepha Pharma AG,Synthetika,02.02.0.,C01BD01,2000-02-28,2000-02-28,unbegrenzt,B,B,amiodaroni hydrochloridum,Antiarrhythmikum,,,appareil_circulatoire,2000
55349,2,"Amiodaron-Mepha 200 mg, Tabletten",Mepha Pharma AG,Synthetika,02.02.0.,C01BD01,2000-02-28,2000-02-28,unbegrenzt,B,B,amiodaroni hydrochloridum,Antiarrhythmikum,,,appareil_circulatoire,2000
55351,1,"Metfin  500, Filmtabletten",Sandoz Pharmaceuticals AG,Synthetika,07.06.2.,A10BA02,2000-08-08,2000-08-08,unbegrenzt,B,B,metforminum,Orales Antidiabetikum,,,autre,2000
55351,2,"Metfin  850, Filmtabletten",Sandoz Pharmaceuticals AG,Synthetika,07.06.2.,A10BA02,2000-08-08,2000-08-08,unbegrenzt,B,B,metforminum,Orales Antidiabetikum,,,autre,2000
55351,3,"Metfin 1000, Filmtabletten",Sandoz Pharmaceuticals AG,Synthetika,07.06.2.,A10BA02,2000-08-08,2004-06-17,unbegrenzt,B,B,metforminum,Orales Antidiabetikum,,,autre,2000
55364,1,"Orgalutran, Injektionslösung in einer Fertigspritze",Organon GmbH,Synthetika,07.09.0.,H01CC01,2000-07-13,2000-07-13,unbegrenzt,A,A,ganirelixum,Assistierte Reproduktionsmedizin,,,autre,2000
55365,1,"Enbrel 25 mg, Pulver und Lösungsmittel zur Herstellung einer Injektionslösung",Pfizer AG,Biotechnologika,07.15.0.,L04AB01,2000-02-01,2000-02-01,unbegrenzt,B,B,etanerceptum,"Rheumatoide Arthritis, aktive juvenile idiopatische Arthritis (Polyarthritis, Oligoarthritis, Psoriasis-Arthritis, Enthesitis-assoziierte Arthritis), Psoriasis-Arthritis, Morbus Bechterew (ankylosierende Spondylitis), mittelschwere bis schwere Plaque-Psoriasis",,,cancer,2000
55372,1,"Nicorette Microtab Original-Aroma, Sublingualtabletten",JNTL Consumer Health II (Switzerland) GmbH,Synthetika,15.02.0.,N07BA01,2000-08-24,2000-08-24,unbegrenzt,D,D,nicotinum,Unterstützung der Raucherentwöhnung,,,autre,2000
55378,1,"Actos 15 mg, Tabletten",Cheplapharm Schweiz GmbH,Synthetika,07.06.2.,A10BG03,2000-09-27,2000-09-27,unbegrenzt,B,B,pioglitazonum,orales Antidiabetikum,,,autre,2000
55378,2,"Actos 30 mg, Tabletten",Cheplapharm Schweiz GmbH,Synthetika,07.06.2.,A10BG03,2000-09-27,2000-09-27,unbegrenzt,B,B,pioglitazonum,orales Antidiabetikum,,,autre,2000
55378,3,"Actos 45 mg, Tabletten",Cheplapharm Schweiz GmbH,Synthetika,07.06.2.,A10BG03,2000-09-27,2000-09-27,unbegrenzt,B,B,pioglitazonum,orales Antidiabetikum,,,autre,2000
55383,1,"Floxal UD, Augentropfen",Bausch & Lomb Swiss AG,Synthetika,11.07.1.,S01AX11,2000-06-22,2000-06-22,unbegrenzt,A,A,ofloxacinum,Bakterielle Infektionen am Auge,,,maladie_infectieuses,2000
55391,1,"Zoloft, Konzentrat zur Herstellung einer Lösung zum Einnehmen",Viatris Pharma GmbH,Synthetika,01.06.0.,N06AB06,2000-09-26,2000-09-26,unbegrenzt,B,B,sertralinum,Selektiver Serotonin-Wiederaufnahmehemmer,,,autre,2000
55418,3,"Metalyse 10'000 U, Injektionspräparat",Boehringer Ingelheim (Schweiz) GmbH,Biotechnologika,06.05.0.,B01AD11,2000-06-29,2000-06-29,unbegrenzt,B,B,tenecteplasum,Thrombolytische Therapie bei akutem Herzinfarkt,,,appareil_circulatoire,2000
55423,1,"Transtec 35 ug/h, Transdermales Pflaster",Grünenthal Pharma AG,Synthetika,01.01.3.,N02AE01,2000-06-23,2000-06-23,unbegrenzt,A+,A+,buprenorphinum,Analgetikum,,,autre,2000
55423,2,"Transtec 52,5 ug/h, Transdermales Pflaster",Grünenthal Pharma AG,Synthetika,01.01.3.,N02AE01,2000-06-23,2000-06-23,unbegrenzt,A+,A+,buprenorphinum,Analgetikum,,,autre,2000
55423,3,"Transtec 70 ug/h, Transdermales Pflaster",Grünenthal Pharma AG,Synthetika,01.01.3.,N02AE01,2000-06-23,2000-06-23,unbegrenzt,A+,A+,buprenorphinum,Analgetikum,,,autre,2000
55439,1,"Contra-Schmerz plus, comprimé",Verfora SA,Synthetika,01.01.2.,N02BA51,2000-09-26,2000-09-26,unbegrenzt,B/D,B/D,"acidum acetylsalicylicum, coffeinum","Analgésique, Antipyrétique",,,autre,2000
55441,1,"Mirelle, Filmtabletten",Bayer (Schweiz) AG,Synthetika,09.02.1.,G03AA10,2000-02-09,2000-02-09,2025-10-31,B,B,"gestodenum, ethinylestradiolum",Hormonales Kontrazeptivum,,,autre,2000
55463,1,"Zometa 4 mg, Lyophilisat",Novartis Pharma Schweiz AG,Synthetika,07.99.0.,M05BA08,2000-11-28,2000-11-28,unbegrenzt,B,B,acidum zoledronicum,"Knochenmetastasen solider Tumoren und multiples Myelom, maligne Hypercalcämie",,,autre,2000
55475,1,"Fosamax 70 mg, Tabletten",Organon GmbH,Synthetika,07.99.0.,M05BA04,2000-11-28,2000-11-28,unbegrenzt,B,B,acidum alendronicum,Osteoporose,,,autre,2000
55489,1,"Lescol Retard, Retardtabletten",Novartis Pharma Schweiz AG,Synthetika,07.12.0.,C10AA04,2000-08-29,2000-08-29,unbegrenzt,B,B,fluvastatinum,"Reduktion der Serumcholesterinkonzentration, primäre gemischte Dyslipidämie",,,appareil_circulatoire,2000
55513,1,"Ecofenac CR 75, Zweischichttabletten",Sandoz Pharmaceuticals AG,Synthetika,07.10.1.,M01AB05,2000-11-29,2000-11-29,unbegrenzt,B,B,diclofenacum natricum,Antirheumatikum,,,autre,2000
55513,2,"Ecofenac CR 150, Zweischichttabletten",Sandoz Pharmaceuticals AG,Synthetika,07.10.1.,M01AB05,2000-11-29,2000-11-29,unbegrenzt,B,B,diclofenacum natricum,Antirheumatikum,,,autre,2000
55515,1,"Rheumalix forte, Spray",Drossapharm AG,Synthetika,07.10.4.,M02AA06,2000-09-04,2000-09-04,unbegrenzt,D,D,etofenamatum,Kutanes Antirheumatikum,,,autre,2000
55529,1,"Bupivacain 5 mg/ml hyperbar Sintetica, soluzione iniettabile",Sintetica SA,Synthetika,01.02.2.,N01BB01,2000-11-01,2000-11-01,unbegrenzt,B,B,bupivacaini hydrochloridum anhydricum,Anestetico locale,,,autre,2000
55551,2,"Pantozol i.v., Lyophilisat",Takeda Pharma AG,Synthetika,04.99.0.,A02BC02,2000-12-20,2005-03-01,unbegrenzt,B,B,pantoprazolum,Protonenpumpenhemmer,,,autre,2000
55552,1,"Seretide 50, Dosier-Aerosol",GlaxoSmithKline AG,Synthetika,03.04.3.,R03AK06,2000-11-29,2000-11-29,unbegrenzt,B,B,"salmeterolum, fluticasoni propionas",Antiasthmatikum,,,appareil_respiratoire,2000
55552,2,"Seretide 125, Dosier-Aerosol",GlaxoSmithKline AG,Synthetika,03.04.3.,R03AK06,2000-11-29,2000-11-29,unbegrenzt,B,B,"salmeterolum, fluticasoni propionas",Antiasthmatikum,,,appareil_respiratoire,2000
55552,3,"Seretide 250, Dosier-Aerosol",GlaxoSmithKline AG,Synthetika,03.04.3.,R03AK06,2000-11-29,2000-11-29,unbegrenzt,B,B,"salmeterolum, fluticasoni propionas",Antiasthmatikum,,,appareil_respiratoire,2000
55567,1,"Softasept N ungefärbt, Lösung",B. Braun Medical AG,Synthetika,10.09.1.,D08AX05,2000-12-12,2000-12-12,unbegrenzt,D,D,"ethanolum 96 per centum, alcohol isopropylicus",Hautdesinfiziens,,,autre,2000
55567,2,"Softasept N gefärbt, Lösung",B. Braun Medical AG,Synthetika,10.09.1.,D08AX05,2000-12-12,2000-12-12,unbegrenzt,D,D,"ethanolum 96 per centum, alcohol isopropylicus",Hautdesinfiziens,,,autre,2000
55568,1,"Symbicort 100/6 Turbuhaler, Pulver zur Inhalation",AstraZeneca AG,Synthetika,03.04.3.,R03AK07,2000-12-12,2000-12-12,unbegrenzt,B,B,"budesonidum, formoteroli fumaras dihydricus","Antiasthmatikum, COPD",,,appareil_respiratoire,2000
55568,2,"Symbicort 200/6 Turbuhaler, Pulver zur Inhalation",AstraZeneca AG,Synthetika,03.04.3.,R03AK07,2000-12-12,2000-12-12,unbegrenzt,B,B,"budesonidum, formoteroli fumaras dihydricus","Antiasthmatikum, COPD",,,appareil_respiratoire,2000
55568,3,"Symbicort 400/12 Turbuhaler, Pulver zur Inhalation",AstraZeneca AG,Synthetika,03.04.3.,R03AK07,2000-12-12,2003-04-15,unbegrenzt,B,B,"budesonidum, formoteroli fumaras dihydricus","Antiasthmatikum, COPD",,,appareil_respiratoire,2000
55581,1,"Detrusitol SR 2 mg, Retard-Kapseln",Viatris Pharma GmbH,Synthetika,05.02.0.,G04BD07,2000-12-11,2000-12-11,unbegrenzt,B,B,tolterodinum,Behandlung der hyperaktiven Blase,,,autre,2000
55581,2,"Detrusitol SR 4 mg, Retard-Kapseln",Viatris Pharma GmbH,Synthetika,05.02.0.,G04BD07,2000-12-11,2000-12-11,unbegrenzt,B,B,tolterodinum,Behandlung der hyperaktiven Blase,,,autre,2000
55608,1,"Assan, Emgel",Permamed AG,Synthetika,07.10.4.,M02AC,2000-05-30,2000-05-30,unbegrenzt,D,D,"acidum flufenamicum, hydroxyethylis salicylas, heparinum natricum",Kutanes Antiphlogisticum,,,autre,2000
55609,1,"Nexium 20, MUPS-Tabletten",Grünenthal Pharma AG,Synthetika,04.99.0.,A02BC05,2000-12-11,2000-12-11,unbegrenzt,B,B,esomeprazolum,Protonenpumpenblocker,,,autre,2000
55609,2,"Nexium 40, MUPS-Tabletten",Grünenthal Pharma AG,Synthetika,04.99.0.,A02BC05,2000-12-11,2000-12-11,unbegrenzt,B,B,esomeprazolum,Protonenpumpenblocker,,,autre,2000
55649,1,"Kaletra, Sirup",AbbVie AG,Synthetika,08.03.0.,J05AR10,2000-12-13,2000-12-13,unbegrenzt,A,A,"lopinavirum, ritonavirum",HIV-Infektionen,,,maladie_infectieuses,2000
55691,1,"Acyclovir Zentiva, Crème",Helvepharm AG,Synthetika,10.09.3.,D06BB03,2000-11-02,2000-11-02,unbegrenzt,B,B,aciclovirum,Herpes labialis und Herpes genitalis,,,maladie_infectieuses,2000
55712,1,"Insulin NovoNordisk NovoRapid FlexPen, Injektionslösung",Novo Nordisk Pharma AG,Biotechnologika,07.06.1.,A10AB05,2000-12-08,2000-12-08,unbegrenzt,B,B,insulinum aspartum,Diabetes mellitus,,,autre,2000
55746,1,"Acidum Folicum Hänseler 5 mg, Tabletten",Hänseler AG,Synthetika,06.07.3.,B03BB01,2000-11-10,2000-11-10,unbegrenzt,B,B,acidum folicum,Durch Folsäure-Mangel verursachte megaloblastische Anämien,,,autre,2000
